YEAR,mean_groups,active_fraction,valid_days,log1p_mean_groups
1610,,,1,
1611,3.224490,0.979592,49,1.440898
1612,4.817768,0.972665,439,1.760917
1613,4.455556,1.000000,90,1.696634
1614,,,1,
1615,,,13,
1616,1.661290,0.919355,62,0.978811
1617,,,11,
1618,1.000000,1.000000,30,0.693147
1619,,,20,
1620,1.000000,1.000000,35,0.693147
1621,1.000000,1.000000,62,0.693147
1622,,,17,
1623,,,9,
1624,0.698113,0.622642,53,0.529518
1625,2.690594,1.000000,404,1.305787
1626,1.844311,0.931138,334,1.045321
1627,1.325301,0.879518,83,0.843850
1628,,,14,
1629,1.156250,1.000000,64,0.768371
1630,,,14,
1631,0.215385,0.215385,65,0.195061
1632,0.000000,0.000000,104,0.000000
1633,,,12,
1634,0.941176,0.647059,34,0.663294
1635,,,28,
1636,,,0,
1637,,,17,
1638,,,11,
1639,,,1,
1640,,,4,
1641,,,0,
1642,1.032258,0.935484,31,0.709148
1643,1.401460,0.773723,137,0.876077
1644,1.192771,0.596386,166,0.785166
1645,,,1,
1646,,,0,
1647,,,0,
1648,0.000000,0.000000,113,0.000000
1649,,,0,
1650,,,0,
1651,,,0,
1652,0.044118,0.029412,68,0.043172
1653,0.038889,0.030556,360,0.038152
1654,0.021559,0.011609,603,0.021330
1655,,,28,
1656,,,15,
1657,0.102564,0.102564,39,0.097638
1658,,,23,
1659,0.000000,0.000000,82,0.000000
1660,0.183529,0.181176,425,0.168501
1661,0.086957,0.086957,253,0.083382
1662,0.000000,0.000000,51,0.000000
1663,0.000000,0.000000,65,0.000000
1664,0.000000,0.000000,50,0.000000
1665,,,8,
1666,0.000000,0.000000,101,0.000000
1667,0.005525,0.005525,181,0.005510
1668,0.000000,0.000000,147,0.000000
1669,0.000000,0.000000,189,0.000000
1670,0.000000,0.000000,155,0.000000
1671,0.136038,0.136038,419,0.127547
1672,0.117647,0.117647,323,0.111226
1673,0.000000,0.000000,325,0.000000
1674,0.019608,0.019608,153,0.019418
1675,0.000000,0.000000,196,0.000000
1676,0.357542,0.351955,358,0.305676
1677,0.067194,0.067194,253,0.065032
1678,0.036563,0.036563,547,0.035911
1679,0.010152,0.010152,197,0.010101
1680,0.056075,0.054206,535,0.054559
1681,0.011401,0.011401,614,0.011336
1682,0.004717,0.004717,212,0.004706
1683,0.000000,0.000000,286,0.000000
1684,0.324165,0.312377,509,0.280782
1685,0.000000,0.000000,216,0.000000
1686,0.105455,0.083636,275,0.100257
1687,0.045139,0.038194,288,0.044150
1688,0.096386,0.081325,332,0.092019
1689,0.013850,0.013850,361,0.013755
1690,0.000000,0.000000,443,0.000000
1691,0.000000,0.000000,423,0.000000
1692,0.000000,0.000000,339,0.000000
1693,0.000000,0.000000,373,0.000000
1694,0.000000,0.000000,406,0.000000
1695,0.009550,0.009550,733,0.009504
1696,0.000000,0.000000,358,0.000000
1697,0.000000,0.000000,387,0.000000
1698,0.000000,0.000000,331,0.000000
1699,0.000000,0.000000,424,0.000000
1700,0.063187,0.054945,364,0.061271
1701,0.119403,0.114428,402,0.112795
1702,0.086111,0.086111,360,0.082604
1703,0.353033,0.323484,643,0.302348
1704,0.425960,0.371115,547,0.354845
1705,0.507117,0.455516,562,0.410199
1706,0.386878,0.352941,442,0.327055
1707,0.476021,0.390764,563,0.389350
1708,0.291391,0.264901,604,0.255720
1709,0.273743,0.251397,537,0.241960
1710,0.015228,0.015228,394,0.015114
1711,0.000000,0.000000,309,0.000000
1712,0.000000,0.000000,237,0.000000
1713,0.102190,0.102190,411,0.097299
1714,0.243816,0.187279,283,0.218184
1715,0.548387,0.400000,310,0.437214
1716,0.872897,0.506542,535,0.627487
1717,1.745614,0.777778,342,1.010005
1718,1.064935,0.558442,154,0.725099
1719,4.509383,0.876676,373,1.706453
1720,3.198225,0.801775,338,1.434662
1721,1.480769,0.706731,208,0.908569
1722,1.412500,0.750000,80,0.880664
1723,,,7,
1724,,,18,
1725,0.858586,0.666667,99,0.619816
1726,2.904605,0.970395,304,1.362157
1727,,,25,
1728,,,25,
1729,,,20,
1730,,,21,
1731,,,0,
1732,,,2,
1733,0.032258,0.032258,31,0.031749
1734,,,1,
1735,,,19,
1736,,,23,
1737,,,9,
1738,,,4,
1739,,,18,
1740,0.813953,0.813953,43,0.595509
1741,,,17,
1742,,,17,
1743,,,20,
1744,,,0,
1745,,,0,
1746,,,0,
1747,,,17,
1748,,,6,
1749,3.379310,1.000000,58,1.476891
1750,4.468750,0.968750,96,1.699050
1751,2.337349,0.951807,83,1.205177
1752,1.745098,0.921569,51,1.009817
1753,,,13,
1754,0.553846,0.458974,390,0.440733
1755,0.298122,0.241784,426,0.260919
1756,0.455729,0.401042,384,0.375507
1757,1.496815,0.891720,157,0.915016
1758,2.714286,1.000000,56,1.312186
1759,,,10,
1760,2.452830,0.981132,53,1.239194
1761,4.101449,1.000000,138,1.629525
1762,2.472000,1.000000,125,1.244731
1763,1.732558,0.965116,86,1.005238
1764,1.609756,0.837398,123,0.959257
1765,0.303571,0.267857,56,0.265108
1766,0.262626,0.161616,99,0.233194
1767,1.925581,0.818605,215,1.073493
1768,3.995050,0.990099,202,1.608447
1769,5.310160,0.994652,187,1.842161
1770,5.185714,1.000000,210,1.822242
1771,4.768212,0.986755,151,1.752362
1772,3.346939,0.969388,98,1.469472
1773,1.686131,0.802920,137,0.988102
1774,1.573099,0.783626,171,0.945111
1775,0.470000,0.375000,200,0.385262
1776,0.958861,0.522152,316,0.672363
1777,3.135135,0.981982,111,1.419520
1778,3.937984,1.000000,129,1.596957
1779,,,19,
1780,,,16,
1781,2.533333,0.900000,30,1.262242
1782,,,15,
1783,,,11,
1784,,,5,
1785,,,24,
1786,3.000000,0.974359,39,1.386294
1787,4.611111,0.972222,36,1.724749
1788,4.766667,1.000000,30,1.752094
1789,,,14,
1790,,,8,
1791,,,21,
1792,,,4,
1793,,,18,
1794,1.734694,0.938776,49,1.006020
1795,0.916667,0.666667,84,0.650588
1796,0.614458,0.451807,166,0.478999
1797,0.317204,0.306452,186,0.275512
1798,0.119355,0.116129,310,0.112752
1799,0.346154,0.307692,130,0.297252
1800,0.752577,0.515464,97,0.561087
1801,3.114894,0.970213,235,1.414613
1802,2.006897,0.862069,145,1.100909
1803,1.526667,0.600000,150,0.926901
1804,1.673759,0.609929,141,0.983485
1805,1.490000,0.630000,100,0.912283
1806,0.942308,0.634615,52,0.663877
1807,0.549020,0.352941,51,0.437622
1808,0.397059,0.367647,68,0.334369
1809,0.102703,0.075676,185,0.097764
1810,0.000000,0.000000,294,0.000000
1811,0.078067,0.078067,269,0.075170
1812,0.567308,0.381410,312,0.449359
1813,0.688022,0.459610,359,0.523558
1814,0.624434,0.461538,221,0.485160
1815,1.670968,0.832258,155,0.982441
1816,2.392500,0.975000,400,1.221567
1817,2.398844,0.947977,346,1.223435
1818,1.698305,0.861017,295,0.992624
1819,1.356962,0.686076,395,0.857374
1820,0.823344,0.555205,317,0.600672
1821,0.394432,0.329466,431,0.332487
1822,0.306554,0.232558,473,0.267393
1823,0.168196,0.159021,327,0.155460
1824,0.334653,0.225743,505,0.288672
1825,1.061162,0.616208,654,0.723270
1826,2.103118,0.842926,834,1.132407
1827,3.386697,0.981962,887,1.478576
1828,4.273836,0.992239,902,1.662758
1829,4.373134,0.998756,804,1.681411
1830,4.747222,0.981944,720,1.748717
1831,2.948378,0.908555,678,1.373305
1832,1.534778,0.655644,877,0.930106
1833,0.397294,0.279213,813,0.334537
1834,0.571812,0.401342,745,0.452229
1835,2.974359,0.870085,585,1.379863
1836,6.581395,1.000000,301,2.025697
1837,7.908397,1.000000,262,2.186994
1838,5.558824,1.000000,204,1.880811
1839,4.798030,1.000000,203,1.757518
1840,3.545455,0.989091,275,1.514128
1841,2.058968,0.953317,407,1.118078
1842,1.316981,0.754717,530,0.840265
1843,0.503472,0.434028,576,0.407777
1844,0.808383,0.574850,501,0.592433
1845,2.477396,0.922242,553,1.246284
1846,3.369610,0.997947,487,1.474674
1847,4.836182,0.930199,702,1.764077
1848,6.246041,0.998782,821,1.980455
1849,5.755718,0.998170,1093,1.910389
1850,4.080836,0.973660,1101,1.625476
1851,3.985626,0.996920,974,1.606559
1852,3.447047,0.982688,982,1.492240
1853,2.529666,0.973031,927,1.261203
1854,1.161661,0.723498,1132,0.770877
1855,0.385230,0.305389,1002,0.325866
1856,0.241164,0.215177,962,0.216050
1857,1.294314,0.665552,1196,0.830434
1858,3.414729,0.987403,1032,1.484946
1859,5.636273,1.000000,998,1.892550
1860,6.545597,1.000000,1919,2.020964
1861,5.436481,0.995708,2330,1.861982
1862,3.941843,0.990636,2029,1.597738
1863,3.149932,0.976587,2221,1.423092
1864,2.820917,0.959885,2094,1.340490
1865,1.813599,0.872802,1706,1.034464
1866,1.225632,0.793020,1662,0.800041
1867,0.589271,0.455993,1193,0.463275
1868,2.442890,0.907537,1287,1.236311
1869,4.974980,0.993543,1239,1.787581
1870,7.638079,1.000000,1749,2.156180
1871,6.984112,1.000000,2077,2.077454
1872,6.068598,1.000000,1968,1.955662
1873,4.064855,0.972393,2282,1.622326
1874,2.862981,0.979396,2912,1.351439
1875,1.246295,0.716655,2834,0.809282
1876,0.805783,0.563796,3182,0.590994
1877,0.731319,0.546978,3640,0.548883
1878,0.260916,0.218591,3733,0.231839
1879,0.413170,0.339539,3599,0.345836
1880,2.117821,0.880301,3726,1.137134
1881,3.799832,0.985483,3582,1.568581
1882,3.948250,0.986939,4058,1.599034
1883,4.319588,0.968279,3783,1.671396
1884,4.915084,0.995251,3580,1.777506
1885,3.816578,0.963904,3740,1.572064
1886,1.886062,0.798119,3616,1.059893
1887,1.063741,0.657912,3122,0.724520
1888,0.609652,0.477441,3502,0.476018
1889,0.505497,0.392804,4002,0.409123
1890,0.634907,0.447859,4555,0.491586
1891,3.013945,0.934323,4446,1.389775
1892,5.342265,0.999494,3956,1.847236
1893,6.524296,1.000000,4013,2.018137
1894,6.388889,0.999002,3006,1.999977
1895,5.014100,0.997744,3546,1.794107
1896,3.048918,0.971151,3189,1.398450
1897,2.303388,0.889960,3217,1.194949
1898,1.977548,0.849290,3875,1.091100
1899,0.974952,0.623741,3673,0.680544
1900,0.783462,0.500372,4027,0.578556
1901,0.229870,0.192278,3937,0.206909
1902,0.313109,0.257042,3692,0.272398
1903,1.649184,0.786700,3985,0.974252
1904,3.174261,0.984546,3753,1.428937
1905,3.982814,0.985499,3724,1.605995
1906,3.884847,0.972778,4151,1.586138
1907,4.011667,0.995625,4114,1.611769
1908,3.687201,0.971696,4805,1.544836
1909,3.172328,0.968504,4445,1.428474
1910,1.515800,0.762130,4019,0.922591
1911,0.566241,0.405960,3993,0.448678
1912,0.275917,0.246986,3733,0.243666
1913,0.113835,0.107080,3997,0.107809
1914,0.759049,0.502585,3868,0.564773
1915,3.085777,0.930131,3206,1.407512
1916,4.037184,0.975008,3281,1.616847
1917,6.732030,0.994767,3631,2.045371
1918,5.303630,0.996700,3939,1.841126
1919,4.582828,0.998653,2970,1.719696
1920,2.778190,0.975017,2962,1.329245
1921,1.918608,0.877585,3047,1.071107
1922,1.097759,0.623648,2588,0.740870
1923,0.533731,0.437402,3187,0.427703
1924,1.319749,0.707039,3509,0.841459
1925,3.343566,0.909681,3388,1.468696
1926,4.985955,0.993914,2136,1.789416
1927,5.431373,0.998599,2142,1.861188
1928,5.779686,0.994885,2737,1.913931
1929,5.305229,1.000000,2467,1.841379
1930,3.250499,0.990012,2503,1.447036
1931,2.006745,0.881535,2372,1.100858
1932,1.083368,0.697374,2399,0.733986
1933,0.511215,0.360135,2363,0.412914
1934,0.853125,0.579911,2240,0.616873
1935,3.220949,0.942292,2530,1.440060
1936,6.618873,1.000000,2448,2.030628
1937,9.072034,1.000000,2360,2.309763
1938,8.635205,1.000000,2119,2.265424
1939,7.439864,1.000000,2062,2.132966
1940,5.516674,1.000000,2369,1.874364
1941,3.841553,0.986796,2575,1.577236
1942,2.492164,0.932090,2680,1.250522
1943,1.273172,0.815670,2859,0.821176
1944,0.873204,0.549569,2784,0.627650
1945,2.831753,0.951340,2425,1.343322
1946,6.984667,1.000000,2674,2.077523
1947,10.601321,1.000000,2877,2.451119
1948,9.317373,0.999658,2924,2.333829
1949,9.154601,1.000000,3467,2.317927
1950,5.687644,0.992901,5212,1.900262
1951,4.345326,0.995629,2974,1.676223
1952,2.296896,0.914642,2964,1.192981
1953,1.100269,0.582214,3351,0.742065
1954,0.380066,0.298109,3331,0.322131
1955,2.746686,0.848727,4753,1.320872
1956,8.960410,0.999606,5077,2.298618
1957,11.815229,1.000000,4741,2.550634
1958,12.416902,1.000000,5301,2.596515
1959,10.674207,1.000000,3846,2.457382
1960,7.478313,1.000000,2513,2.137511
1961,3.673109,0.972059,4760,1.541825
1962,2.270291,0.901608,5224,1.184879
1963,1.793234,0.850879,5291,1.027200
1964,0.759420,0.533913,3450,0.564984
1965,1.166667,0.734994,3132,0.773190
1966,3.193228,0.962055,3426,1.433471
1967,6.621106,0.999870,7704,2.030921
1968,6.746925,0.999620,7887,2.047296
1969,6.648334,0.999747,7891,2.034488
1970,7.479434,0.999100,7780,2.137644
1971,5.071063,0.997143,8401,1.803534
1972,5.071401,0.993115,7843,1.803589
1973,2.782909,0.909650,7969,1.330493
1974,2.532189,0.910944,8388,1.261918
1975,1.156683,0.678095,7729,0.768571
1976,1.006434,0.677390,7771,0.696359
1977,2.133181,0.885433,8327,1.142049
1978,7.010759,0.996459,7343,2.080785
1979,10.748199,1.000000,7633,2.463700
1980,9.676295,1.000000,3012,2.368026
1981,9.883841,0.999841,12612,2.387279
1982,8.041260,0.999794,14566,2.201799
1983,4.819956,0.967506,16957,1.761293
1984,2.977021,0.881223,18539,1.380533
1985,1.109210,0.623558,20282,0.746314
1986,0.800437,0.523579,21036,0.588030
1987,1.846256,0.807397,21848,1.046004
1988,5.747439,0.995570,21670,1.909163
1989,9.558410,0.999772,21957,2.356923
1990,9.518046,0.999951,20309,2.353092
1991,9.857490,1.000000,20181,2.384855
1992,6.612632,0.999663,20789,2.029809
1993,3.893757,0.973906,20886,1.587960
1994,2.420355,0.904039,21665,1.229744
1995,1.389823,0.738053,21638,0.871219
1996,0.616020,0.467617,19501,0.479966
1997,1.542510,0.773006,19419,0.933152
1998,4.675839,0.986356,17590,1.736218
1999,6.476786,0.997028,17834,2.011803
2000,8.660456,0.999319,16154,2.268041
2001,8.831031,0.999930,14334,2.285544
2002,8.556484,1.000000,14358,2.257220
2003,5.299024,0.996168,16701,1.840395
2004,3.435385,0.982930,16227,1.489615
2005,2.517118,0.927453,15714,1.257642
2006,1.485310,0.785517,14500,0.910398
2007,0.738080,0.525104,15814,0.552781
2008,0.278475,0.221128,15136,0.245668
2009,0.317903,0.266681,14193,0.276042
2010,1.607886,0.839839,15141,0.958540
