YEAR,valid_days
1610,1
1611,49
1612,439
1613,90
1614,1
1615,13
1616,62
1617,11
1618,30
1619,20
1620,35
1621,62
1622,17
1623,9
1624,53
1625,404
1626,334
1627,83
1628,14
1629,64
1630,14
1631,65
1632,104
1633,12
1634,34
1635,28
1636,0
1637,17
1638,11
1639,1
1640,4
1641,0
1642,31
1643,137
1644,166
1645,1
1646,0
1647,0
1648,113
1649,0
1650,0
1651,0
1652,68
1653,360
1654,603
1655,28
1656,15
1657,39
1658,23
1659,82
1660,425
1661,253
1662,51
1663,65
1664,50
1665,8
1666,101
1667,181
1668,147
1669,189
1670,155
1671,419
1672,323
1673,325
1674,153
1675,196
1676,358
1677,253
1678,547
1679,197
1680,535
1681,614
1682,212
1683,286
1684,509
1685,216
1686,275
1687,288
1688,332
1689,361
1690,443
1691,423
1692,339
1693,373
1694,406
1695,733
1696,358
1697,387
1698,331
1699,424
1700,364
1701,402
1702,360
1703,643
1704,547
1705,562
1706,442
1707,563
1708,604
1709,537
1710,394
1711,309
1712,237
1713,411
1714,283
1715,310
1716,535
1717,342
1718,154
1719,373
1720,338
1721,208
1722,80
1723,7
1724,18
1725,99
1726,304
1727,25
1728,25
1729,20
1730,21
1731,0
1732,2
1733,31
1734,1
1735,19
1736,23
1737,9
1738,4
1739,18
1740,43
1741,17
1742,17
1743,20
1744,0
1745,0
1746,0
1747,17
1748,6
1749,58
1750,96
1751,83
1752,51
1753,13
1754,390
1755,426
1756,384
1757,157
1758,56
1759,10
1760,53
1761,138
1762,125
1763,86
1764,123
1765,56
1766,99
1767,215
1768,202
1769,187
1770,210
1771,151
1772,98
1773,137
1774,171
1775,200
1776,316
1777,111
1778,129
1779,19
1780,16
1781,30
1782,15
1783,11
1784,5
1785,24
1786,39
1787,36
1788,30
1789,14
1790,8
1791,21
1792,4
1793,18
1794,49
1795,84
1796,166
1797,186
1798,310
1799,130
1800,97
1801,235
1802,145
1803,150
1804,141
1805,100
1806,52
1807,51
1808,68
1809,185
1810,294
1811,269
1812,312
1813,359
1814,221
1815,155
1816,400
1817,346
1818,295
1819,395
1820,317
1821,431
1822,473
1823,327
1824,505
1825,654
1826,834
1827,887
1828,902
1829,804
1830,720
1831,678
1832,877
1833,813
1834,745
1835,585
1836,301
1837,262
1838,204
1839,203
1840,275
1841,407
1842,530
1843,576
1844,501
1845,553
1846,487
1847,702
1848,821
1849,1093
1850,1101
1851,974
1852,982
1853,927
1854,1132
1855,1002
1856,962
1857,1196
1858,1032
1859,998
1860,1919
1861,2330
1862,2029
1863,2221
1864,2094
1865,1706
1866,1662
1867,1193
1868,1287
1869,1239
1870,1749
1871,2077
1872,1968
1873,2282
1874,2912
1875,2834
1876,3182
1877,3640
1878,3733
1879,3599
1880,3726
1881,3582
1882,4058
1883,3783
1884,3580
1885,3740
1886,3616
1887,3122
1888,3502
1889,4002
1890,4555
1891,4446
1892,3956
1893,4013
1894,3006
1895,3546
1896,3189
1897,3217
1898,3875
1899,3673
1900,4027
1901,3937
1902,3692
1903,3985
1904,3753
1905,3724
1906,4151
1907,4114
1908,4805
1909,4445
1910,4019
1911,3993
1912,3733
1913,3997
1914,3868
1915,3206
1916,3281
1917,3631
1918,3939
1919,2970
1920,2962
1921,3047
1922,2588
1923,3187
1924,3509
1925,3388
1926,2136
1927,2142
1928,2737
1929,2467
1930,2503
1931,2372
1932,2399
1933,2363
1934,2240
1935,2530
1936,2448
1937,2360
1938,2119
1939,2062
1940,2369
1941,2575
1942,2680
1943,2859
1944,2784
1945,2425
1946,2674
1947,2877
1948,2924
1949,3467
1950,5212
1951,2974
1952,2964
1953,3351
1954,3331
1955,4753
1956,5077
1957,4741
1958,5301
1959,3846
1960,2513
1961,4760
1962,5224
1963,5291
1964,3450
1965,3132
1966,3426
1967,7704
1968,7887
1969,7891
1970,7780
1971,8401
1972,7843
1973,7969
1974,8388
1975,7729
1976,7771
1977,8327
1978,7343
1979,7633
1980,3012
1981,12612
1982,14566
1983,16957
1984,18539
1985,20282
1986,21036
1987,21848
1988,21670
1989,21957
1990,20309
1991,20181
1992,20789
1993,20886
1994,21665
1995,21638
1996,19501
1997,19419
1998,17590
1999,17834
2000,16154
2001,14334
2002,14358
2003,16701
2004,16227
2005,15714
2006,14500
2007,15814
2008,15136
2009,14193
2010,15141
